Season,Name,Tm,G,PA,AB,H,1B,2B,3B,HR,R,RBI,BB,IBB,SO,HBP,SF,SH,GDP,SB,CS,AVG,playerId
2018,Victor Martinez,DET,86,326,299,69,55,10,0,4,16,29,22,3,32,1,4,0,15,0,0,0.23076923,393
2018,Adrian Beltre,TEX,65,261,231,66,50,11,1,4,20,26,21,2,55,3,6,0,8,0,0,0.285714285,639
2018,Todd Frazier,NYM,61,260,226,49,31,8,0,10,30,32,27,0,58,2,5,0,9,5,1,0.216814159,785
2018,Albert Pujols,LAA,86,368,347,87,56,15,0,16,36,52,18,2,52,2,1,0,10,0,0,0.250720461,1177
2018,Wilson Ramos,TBR,77,315,293,87,59,14,0,14,30,53,22,1,61,0,0,0,17,0,0,0.296928327,1433
2018,Joe Mauer,MIN,65,281,242,66,50,13,0,3,32,29,34,2,35,2,2,1,6,0,0,0.272727272,1857
2018,Jose Bautista,2 Tms,61,200,161,35,17,11,0,7,24,26,37,2,54,1,1,0,1,2,2,0.217391304,1887
2018,Adrian Gonzalez,NYM,53,187,169,40,29,5,0,6,15,26,15,3,34,1,2,0,5,0,0,0.23668639,1908
2018,David Peralta,ARI,88,378,344,97,60,17,4,16,43,53,29,3,81,4,1,0,8,2,0,0.281976744,2136
2018,Edwin Encarnacion,CLE,86,367,320,72,39,11,0,22,48,65,38,2,85,4,4,0,9,0,0,0.225,2151
2018,Carlos Santana,PHI,95,407,326,68,36,17,1,14,53,52,74,4,56,1,6,0,8,1,1,0.208588957,2396
2018,Nelson Cruz,SEA,81,333,288,77,44,10,1,22,39,55,33,4,65,11,1,0,10,1,0,0.267361111,2434
2018,Lucas Duda,KCR,54,218,197,46,30,8,1,7,19,26,13,0,63,7,1,0,3,0,0,0.233502538,2502
2018,Yonder Alonso,CLE,82,336,302,78,51,14,0,13,39,53,30,1,72,1,3,0,6,0,0,0.258278145,2530
2018,Zack Cozart,LAA,58,253,224,49,29,13,2,5,29,18,19,0,42,7,3,0,7,0,0,0.21875,2616
2018,Manny Pina,MIL,56,214,194,44,28,9,1,6,26,16,15,1,40,4,1,0,10,0,0,0.226804123,2829
2018,Tommy Pham,STL,86,353,313,76,54,9,0,13,60,35,38,1,90,1,1,0,9,9,6,0.242811501,2967
2018,Mitch Moreland,BOS,73,286,252,70,40,15,4,11,43,46,31,1,59,0,3,0,8,1,0,0.277777777,3086
2018,Robinson Chirinos,TEX,69,263,225,47,23,12,1,11,27,37,26,0,100,11,1,0,4,1,0,0.208888888,3142
2018,Shin-Soo Choo,TEX,90,416,348,102,64,20,0,18,54,43,62,2,91,4,1,1,6,3,0,0.293103448,3174
2018,Charlie Culberson,ATL,64,179,165,43,26,11,2,4,26,21,13,1,44,1,0,0,3,3,1,0.26060606,3298
2018,Matt Joyce,OAK,63,226,192,39,23,9,0,7,30,13,30,1,51,1,2,1,2,0,2,0.203125,3353
2018,Ryan Braun,MIL,71,255,234,55,31,13,1,10,31,35,17,2,55,0,3,0,5,7,3,0.235042735,3410
2018,Anthony Rizzo,CHC,82,372,317,78,51,15,0,12,38,61,37,6,46,12,6,0,7,4,2,0.246056782,3473
2018,Eric Hosmer,SDP,94,407,370,92,58,23,1,10,41,41,37,6,92,0,0,0,12,4,3,0.248648648,3516
2018,Eric Thames,MIL,50,183,160,40,19,6,2,13,29,28,21,3,53,2,0,0,2,5,0,0.25,3711
2018,Josh Reddick,HOU,75,279,248,64,45,10,0,9,40,29,28,1,44,0,2,1,4,5,1,0.258064516,3892
2018,Dexter Fowler,STL,74,274,239,42,27,8,0,7,32,26,29,0,61,3,3,0,2,3,2,0.175732217,4062
2018,Michael Brantley,CLE,84,372,341,105,67,25,1,12,55,56,25,0,31,2,4,0,10,6,3,0.307917888,4106
2018,Gorkys Hernandez,SFG,80,283,260,72,49,11,1,11,36,30,17,1,74,2,2,2,7,4,2,0.276923076,4146
2018,Joey Votto,CIN,95,422,342,99,67,21,2,9,55,50,73,3,63,6,1,0,12,1,0,0.289473684,4314
2018,Jed Lowrie,OAK,94,406,362,103,61,25,1,16,43,62,40,0,80,2,2,0,3,0,0,0.284530386,4418
2018,Starlin Castro,MIA,96,421,385,112,82,22,1,7,58,37,30,1,78,0,6,0,11,4,1,0.29090909,4579
2018,Russell Martin,TOR,63,253,207,37,27,4,0,6,24,17,42,0,60,4,0,0,4,0,2,0.178743961,4616
2018,Curtis Granderson,TOR,76,261,223,52,28,14,1,9,32,28,34,0,78,3,0,1,2,1,1,0.233183856,4747
2018,Jarrod Dyson,ARI,67,237,206,39,31,4,2,2,29,12,27,2,34,0,1,3,3,16,3,0.189320388,4866
2018,Carlos Gomez,TBR,76,305,273,59,38,11,2,8,30,23,19,0,78,12,0,1,5,6,3,0.216117216,4881
2018,Mike Moustakas,KCR,91,389,354,88,50,18,1,19,42,58,26,3,60,5,4,0,10,3,0,0.24858757,4892
2018,Ender Inciarte,ATL,91,405,365,88,67,13,2,6,52,34,33,1,55,5,1,1,4,23,8,0.24109589,4922
2018,Jason Heyward,CHC,77,305,274,78,53,16,3,6,46,41,25,1,34,1,2,2,4,0,1,0.284671532,4940
2018,Giancarlo Stanton,NYY,94,416,371,103,61,18,1,23,58,55,35,3,130,6,4,0,10,3,0,0.277628032,4949
2018,Asdrubal Cabrera,NYM,92,380,349,98,60,20,1,17,44,52,28,1,74,1,2,0,12,0,0,0.280802292,4962
2018,Luis Valbuena,LAA,83,268,250,51,34,8,0,9,21,30,15,1,91,1,2,0,2,2,0,0.204,4969
2018,Alex Gordon,KCR,77,304,273,66,50,10,0,6,26,17,24,2,66,7,0,0,5,4,1,0.241758241,5209
2018,Justin Upton,LAA,94,404,347,87,58,10,0,19,50,54,47,1,111,5,5,0,9,5,0,0.250720461,5222
2018,Cameron Maybin,MIA,88,258,227,55,41,11,1,2,17,18,28,1,50,1,2,0,3,8,4,0.242290748,5223
2018,Jon Jay,2 Tms,92,414,368,102,82,14,3,3,54,30,26,0,67,14,2,4,9,4,3,0.277173913,5227
2018,Justin Turner,LAD,47,189,163,42,30,7,0,5,21,19,21,1,20,4,1,0,8,1,1,0.257668711,5235
2018,Robbie Grossman,MIN,77,272,238,61,42,14,1,4,28,29,30,0,58,0,3,1,1,0,0,0.256302521,5254
2018,Francisco Cervelli,PIT,60,235,189,46,26,8,3,9,26,36,34,1,48,9,3,0,4,1,2,0.243386243,5275
2018,Aaron Hicks,NYY,76,318,269,67,36,13,2,16,46,44,41,0,62,2,4,2,1,8,1,0.249070631,5297
2018,Brandon Crawford,SFG,93,372,329,96,62,22,2,10,42,39,33,11,74,6,4,0,6,3,5,0.291793313,5343
2018,Yangervis Solarte,TOR,92,397,365,88,54,18,0,16,43,48,28,1,57,2,2,0,19,1,1,0.24109589,5352
2018,Freddie Freeman,ATL,94,420,362,114,70,25,3,16,59,61,53,9,79,3,2,0,4,6,2,0.314917127,5361
2018,Pablo Sandoval,SFG,81,225,204,51,36,7,0,8,20,35,18,2,48,2,1,0,7,0,0,0.25,5409
2018,Jose Altuve,HOU,99,434,389,129,95,23,2,9,63,44,39,3,53,2,1,3,10,14,2,0.331619537,5417
2018,Jose Pirela,SDP,96,369,341,89,65,19,2,3,45,27,24,1,68,2,2,0,8,4,3,0.260997067,5485
2018,Marwin Gonzalez,HOU,87,335,296,68,46,13,3,6,29,37,32,2,80,1,2,4,7,2,2,0.229729729,5497
2018,Matt Kemp,LAD,92,324,297,92,59,18,0,15,42,60,21,1,74,1,5,0,7,0,0,0.309764309,5631
2018,Devin Mesoraco,2 Tms,62,198,178,40,26,6,0,8,19,22,16,0,37,4,0,0,7,0,0,0.224719101,5666
2018,Hernan Perez,MIL,74,213,202,50,35,8,1,6,20,22,10,0,45,0,1,0,2,8,2,0.247524752,5751
2018,Wilmer Flores,NYM,75,236,213,58,34,16,0,8,22,30,17,0,21,1,5,0,4,0,0,0.272300469,5827
2018,Leury Garcia,CHW,56,193,183,53,42,5,2,4,18,21,6,0,46,3,0,1,1,10,0,0.289617486,5913
2018,Nick Markakis,ATL,94,419,371,120,80,29,1,10,55,61,42,7,46,1,5,0,14,1,1,0.323450134,5930
2018,Jean Segura,SEA,90,399,371,120,86,25,2,7,66,47,18,0,52,2,5,3,10,14,7,0.323450134,5933
2018,Didi Gregorius,NYY,90,389,346,91,54,18,2,17,58,52,34,3,50,2,7,0,3,10,6,0.26300578,6012
2018,Eduardo Escobar,MIN,90,376,343,93,42,35,2,14,41,57,27,5,86,3,3,0,7,1,3,0.271137026,6153
2018,J.D. Martinez,BOS,92,397,354,116,63,23,1,29,72,80,38,3,95,2,3,0,9,2,1,0.327683615,6184
2018,Ian Kinsler,LAA,82,354,324,71,45,15,0,11,37,26,24,0,34,4,2,0,10,8,4,0.219135802,6195
2018,Alcides Escobar,KCR,93,354,327,65,48,12,2,3,33,21,17,1,49,5,3,2,9,4,1,0.198776758,6310
2018,Danny Valencia,BAL,67,240,215,54,37,7,1,9,25,27,20,2,45,0,5,0,8,1,1,0.25116279,6364
2018,Adam Jones,BAL,92,394,378,104,68,26,0,10,38,36,11,0,61,3,2,0,15,1,0,0.275132275,6368
2018,Jordy Mercer,PIT,85,328,298,75,46,22,2,5,31,31,22,6,70,5,3,0,8,2,0,0.251677852,6547
2018,Freddy Galvis,SDP,99,392,355,81,58,16,3,4,31,33,30,1,87,2,4,1,5,4,5,0.228169014,6609
2018,Eduardo Nunez,BOS,81,326,310,79,58,15,0,6,36,24,11,0,52,2,2,1,13,4,2,0.254838709,6848
2018,Mark Trumbo,BAL,64,255,235,59,36,11,0,12,29,28,18,0,64,2,0,0,6,0,0,0.251063829,6876
2018,Ian Desmond,COL,94,370,332,78,45,11,4,18,52,56,32,0,95,4,2,0,8,11,4,0.234939759,6885
2018,Martin Maldonado,LAA,74,277,252,59,40,14,0,5,24,32,13,0,68,10,1,1,3,0,1,0.234126984,6887
2018,Yadier Molina,STL,64,251,230,63,43,7,0,13,26,41,13,0,36,3,5,0,7,2,1,0.273913043,7007
2018,Logan Forsythe,LAD,58,189,173,36,24,10,0,2,16,12,15,1,35,0,1,0,5,2,0,0.208092485,7185
2018,Matt Davidson,CHW,74,303,258,57,29,14,0,14,33,38,39,0,109,4,2,0,7,0,0,0.220930232,7226
2018,Carlos Gonzalez,COL,76,280,257,72,45,14,2,11,44,41,20,4,63,1,2,0,5,4,1,0.280155642,7287
2018,Salvador Perez,KCR,73,309,289,64,40,11,0,13,27,41,9,0,63,7,4,0,14,1,1,0.221453287,7304
2018,Ben Zobrist,CHC,75,292,249,71,52,12,1,6,41,36,38,1,35,2,3,0,4,2,2,0.285140562,7435
2018,Neil Walker,NYY,60,216,193,38,27,8,0,3,27,19,21,1,50,1,1,0,0,0,0,0.196891191,7539
2018,Miguel Rojas,MIA,93,351,319,81,65,9,0,7,27,34,19,2,47,8,3,2,17,6,1,0.253918495,7802
2018,Charlie Blackmon,COL,91,406,366,105,70,12,4,19,73,45,35,1,78,4,1,0,8,5,3,0.286885245,7859
2018,Jonathan Lucroy,OAK,73,277,253,61,46,13,1,1,23,27,19,1,42,2,2,1,6,0,0,0.241106719,7870
2018,Tim Beckham,BAL,43,177,165,34,24,8,0,2,13,8,11,0,49,0,1,0,6,1,1,0.206060606,7949
2018,Jose A. Martinez,STL,88,355,317,94,63,18,0,13,35,56,33,0,55,2,3,0,10,0,3,0.296529968,7996
2018,Hanley Ramirez,BOS,44,195,177,45,32,7,0,6,25,29,14,0,35,2,2,0,9,4,1,0.254237288,8001
2018,Matt Carpenter,STL,89,378,319,84,37,28,0,19,57,43,56,4,89,1,2,0,0,0,0,0.263322884,8090
2018,Josh Harrison,PIT,61,262,241,60,47,8,1,4,29,23,11,1,41,5,4,1,5,3,0,0.248962655,8202
2018,Dee Strange-Gordon,SEA,86,382,361,102,84,14,3,1,44,22,6,0,53,5,3,7,5,22,6,0.282548476,8203
2018,Kurt Suzuki,ATL,65,247,219,59,37,14,0,8,30,32,17,0,27,7,4,0,3,0,0,0.269406392,8259
2018,Chris Iannetta,COL,61,222,189,44,28,9,0,7,22,22,26,3,57,4,2,1,8,0,0,0.232804232,8267
2018,Denard Span,2 Tms,80,310,269,73,48,14,3,8,43,43,37,0,49,1,3,0,9,6,3,0.271375464,8347
2018,Daniel Descalso,ARI,87,277,228,59,30,16,4,9,32,44,40,1,69,2,7,0,1,0,1,0.258771929,8392
2018,Ehire Adrianza,MIN,66,216,195,51,32,14,1,4,25,19,16,2,51,1,1,3,3,4,0,0.261538461,8418
2018,Gerardo Parra,COL,84,299,276,82,62,15,0,5,38,41,16,1,49,3,3,1,4,7,3,0.297101449,8553
2018,Kendrys Morales,TOR,75,266,236,58,35,12,0,11,27,30,27,5,60,0,3,0,6,2,1,0.245762711,8610
2018,Justin Smoak,TOR,86,368,306,75,35,24,0,16,43,52,56,2,91,3,3,0,7,0,1,0.245098039,9054
2018,Lorenzo Cain,MIL,79,351,300,88,64,16,0,8,50,27,47,0,59,3,1,0,5,18,4,0.293333333,9077
2018,Khris Davis,OAK,87,373,330,82,41,19,1,21,51,64,31,1,100,8,4,0,11,0,0,0.248484848,9112
2018,Buster Posey,SFG,80,339,299,86,61,19,1,5,38,31,35,3,40,3,2,0,8,3,2,0.287625418,9166
2018,Logan Morrison,MIN,79,300,264,51,27,13,0,11,34,31,30,0,65,5,1,0,2,1,0,0.193181818,9205
2018,Paul Goldschmidt,ARI,95,417,356,100,56,19,4,21,61,52,56,5,110,5,0,0,1,3,2,0.280898876,9218
2018,Starling Marte,PIT,85,351,323,92,59,16,4,13,52,44,23,0,74,2,3,0,2,25,5,0.284829721,9241
2018,AJ Pollock,ARI,52,207,186,53,26,12,3,12,26,38,15,2,43,4,2,0,3,9,2,0.284946236,9256
2018,Chris Davis,BAL,80,323,292,46,30,7,0,9,18,28,26,2,116,3,2,0,5,1,0,0.157534246,9272
2018,Brock Holt,BOS,59,212,187,54,39,13,1,1,20,25,20,1,36,3,2,0,6,5,3,0.288770053,9345
2018,Evan Longoria,SFG,66,270,256,63,36,16,1,10,28,34,10,1,57,2,2,0,4,1,0,0.24609375,9368
2018,Matt Adams,WSN,68,213,191,55,32,8,0,15,32,39,20,0,44,2,0,0,6,0,0,0.287958115,9393
2018,Yan Gomes,CLE,69,271,247,61,34,17,0,10,34,32,17,2,81,5,2,0,3,0,0,0.246963562,9627
2018,Justin Bour,MIA,95,381,318,76,50,10,1,15,36,45,62,5,96,0,1,0,8,1,0,0.23899371,9744
2018,Christian Vazquez,BOS,59,218,207,44,32,9,0,3,18,14,7,0,33,3,0,1,4,2,1,0.212560386,9774
2018,Jason Kipnis,CLE,87,370,325,72,45,18,0,9,39,39,40,1,73,3,1,1,3,4,1,0.221538461,9776
2018,Nolan Arenado,COL,90,395,343,107,61,21,2,23,63,68,49,4,72,0,3,0,9,2,1,0.311953352,9777
2018,Kyle Seager,SEA,96,401,373,87,48,23,0,16,42,56,22,1,88,4,2,0,4,1,1,0.233243967,9785
2018,Brian Dozier,MIN,93,414,366,84,47,19,2,16,60,48,43,1,81,3,2,0,5,5,3,0.229508196,9810
2018,Andrew McCutchen,SFG,94,409,352,92,59,22,2,9,49,40,47,0,89,5,5,0,11,8,4,0.261363636,9847
2018,DJ LeMahieu,COL,71,329,300,84,54,22,0,8,52,34,23,0,46,0,5,1,8,5,3,0.28,9874
2018,Jay Bruce,NYM,62,236,212,45,29,12,1,3,17,17,24,3,48,0,0,0,2,2,1,0.21226415,9892
2018,Brett Gardner,NYY,81,368,315,80,54,14,3,9,55,33,43,0,55,3,4,3,5,9,1,0.253968253,9927
2018,Chris Owings,ARI,80,255,232,45,30,12,0,3,27,18,19,4,67,2,2,0,3,7,3,0.193965517,10030
2018,Max Stassi,HOU,55,182,162,41,22,12,0,7,22,24,16,0,56,4,0,0,3,0,0,0.253086419,10059
2018,Jonathan Villar,MIL,85,279,257,67,50,10,1,6,26,22,19,0,80,2,1,0,9,14,2,0.260700389,10071
2018,Mike Trout,LAA,97,428,335,104,58,18,3,25,71,50,84,17,83,6,2,0,5,15,1,0.310447761,10155
2018,Billy Hamilton,CIN,89,332,296,68,53,7,5,3,53,19,34,0,85,1,1,0,1,22,4,0.229729729,10199
2018,Tucker Barnhart,CIN,79,327,285,71,52,13,1,5,31,29,34,1,59,2,3,3,8,0,3,0.249122807,10200
2018,Jose Iglesias,DET,91,343,320,85,58,22,3,2,29,34,13,0,34,6,2,2,8,12,5,0.265625,10231
2018,Randal Grichuk,TOR,57,220,199,41,19,11,0,11,28,28,15,0,57,4,2,0,4,3,0,0.20603015,10243
2018,Brandon Belt,SFG,81,345,296,85,55,16,1,13,43,42,42,6,69,5,2,0,2,2,0,0.287162162,10264
2018,Marcell Ozuna,STL,90,377,351,94,74,9,1,10,38,49,21,0,73,1,3,0,7,2,0,0.267806267,10324
2018,Scooter Gennett,CIN,92,389,353,115,78,21,0,16,59,63,26,3,74,3,4,3,9,2,1,0.325779036,10339
2018,Domingo Santana,MIL,61,211,189,47,33,11,0,3,15,17,18,1,69,1,3,0,3,1,1,0.248677248,10348
2018,Adeiny Hechavarria,TBR,55,222,203,53,43,7,0,3,29,23,12,1,33,0,5,2,4,1,0,0.261083743,10459
2018,Enrique Hernandez,LAD,88,273,239,55,30,8,1,16,37,34,29,2,56,1,3,1,0,1,0,0.230125523,10472
2018,Derek Dietrich,MIA,93,362,326,94,64,18,1,11,51,32,19,1,86,15,2,0,3,1,0,0.288343558,10542
2018,Cesar Hernandez,PHI,95,423,359,97,75,12,2,8,63,31,61,2,87,2,1,0,9,14,2,0.270194986,10556
2018,Corey Dickerson,PIT,86,344,324,99,65,22,5,7,40,37,14,3,44,4,2,0,7,5,3,0.305555555,10762
2018,Jurickson Profar,TEX,85,350,309,75,39,23,4,9,50,46,29,1,46,10,2,0,7,8,0,0.242718446,10815
2018,Jedd Gyorko,STL,70,233,209,52,33,11,1,7,22,29,21,0,52,1,2,0,9,1,0,0.248803827,10816
2018,Andrelton Simmons,LAA,86,357,323,101,73,20,2,6,46,41,28,2,16,3,2,1,8,6,2,0.312693498,10847
2018,Adam Duvall,CIN,95,329,294,60,31,15,0,14,35,60,30,3,86,4,1,0,8,2,2,0.204081632,10950
2018,Evan Gattis,HOU,86,320,289,69,35,15,0,19,38,63,23,1,73,3,5,0,8,1,0,0.238754325,11003
2018,Kole Calhoun,LAA,75,279,257,48,33,5,1,9,31,26,18,0,63,0,4,0,8,4,1,0.186770428,11200
2018,Jonathan Schoop,BAL,75,324,306,70,42,17,1,10,36,25,12,1,64,3,2,1,7,0,1,0.228758169,11265
2018,Aaron Altherr,PHI,87,245,207,36,21,8,1,6,22,33,33,0,79,3,2,0,12,1,2,0.173913043,11270
2018,Whit Merrifield,KCR,91,403,355,109,74,30,0,5,42,30,37,1,67,6,4,1,6,17,5,0.307042253,11281
2018,Jesus Aguilar,MIL,86,316,272,81,41,16,0,24,49,70,33,0,83,4,7,0,7,0,0,0.297794117,11342
2018,Yasmani Grandal,LAD,80,306,263,66,37,15,1,13,41,47,38,1,67,3,2,0,8,1,1,0.25095057,11368
2018,Delino DeShields,TEX,74,311,265,55,42,10,1,2,42,18,33,0,69,3,1,9,1,16,3,0.207547169,11379
2018,Gary Sanchez,NYY,63,265,231,44,16,14,0,14,36,41,31,0,63,2,1,0,5,0,0,0.19047619,11442
2018,Mark Canha,OAK,74,275,245,64,38,14,0,12,39,38,25,3,63,4,1,0,3,0,1,0.261224489,11445
2018,Dixon Machado,DET,65,233,214,44,29,13,1,1,20,21,14,1,41,3,1,1,2,1,1,0.205607476,11472
2018,Odubel Herrera,PHI,91,393,363,100,67,15,2,16,47,52,24,0,82,4,1,1,8,5,2,0.275482093,11476
2018,Christian Yelich,MIL,81,357,318,93,64,16,2,11,60,43,33,1,83,4,2,0,7,12,2,0.29245283,11477
2018,Michael A. Taylor,WSN,90,306,279,67,42,18,2,5,35,25,25,1,87,0,0,2,8,24,5,0.240143369,11489
2018,Manny Machado,BAL,96,413,365,115,69,21,1,24,48,65,45,12,51,0,3,0,14,8,1,0.315068493,11493
2018,Bryce Harper,WSN,94,414,327,70,33,14,0,23,57,54,78,12,102,3,6,0,3,6,2,0.214067278,11579
2018,Yolmer Sanchez,CHW,91,382,352,90,57,19,9,5,33,42,22,0,73,5,3,0,4,9,2,0.255681818,11602
2018,Willson Contreras,CHC,82,341,294,82,51,19,5,7,33,34,34,1,71,9,2,2,8,3,1,0.278911564,11609
2018,Nick Castellanos,DET,94,409,377,115,68,29,3,15,54,56,27,3,90,5,0,0,4,1,0,0.305039787,11737
2018,Christian Villanueva,SDP,84,294,271,63,33,11,0,19,34,43,17,0,85,5,1,0,10,2,0,0.232472324,11738
2018,J.T. Realmuto,MIA,69,303,274,85,50,20,3,12,46,45,17,0,56,8,2,0,6,1,2,0.310218978,11739
2018,Leonys Martin,DET,70,306,276,71,44,15,3,9,44,29,27,0,67,2,1,0,1,7,3,0.257246376,11846
2018,Joc Pederson,LAD,81,265,231,57,24,17,3,13,35,36,28,2,40,3,2,1,3,1,4,0.246753246,11899
2018,Joe Panik,SFG,54,224,200,48,36,7,1,4,25,14,18,2,13,3,2,1,6,1,2,0.24,11936
2018,Travis Shaw,MIL,91,372,319,78,41,19,0,18,45,55,48,4,60,1,3,1,6,1,2,0.244514106,11982
2018,Niko Goodrum,DET,76,276,248,62,31,20,2,9,33,32,24,1,79,2,2,0,1,7,1,0.25,12092
2018,Max Kepler,MIN,92,366,322,73,40,19,3,11,45,36,43,2,57,0,1,0,7,3,2,0.226708074,12144
2018,Nick Ahmed,ARI,88,337,309,71,36,20,3,12,41,38,24,1,69,1,2,1,8,2,3,0.229773462,12147
2018,Eddie Rosario,MIN,91,401,376,117,72,24,2,19,64,60,24,5,72,0,0,1,3,6,2,0.311170212,12155
2018,Ben Gamel,SEA,66,205,185,53,39,10,3,1,24,10,17,1,39,3,0,0,3,5,3,0.286486486,12160
2018,Xander Bogaerts,BOS,79,348,310,88,44,26,2,16,47,64,30,3,62,5,3,0,7,2,1,0.283870967,12161
2018,Maikel Franco,PHI,85,303,279,75,49,12,1,13,31,47,21,6,41,0,3,0,8,0,0,0.268817204,12179
2018,Jorge Alfaro,PHI,70,243,228,58,38,13,1,6,22,21,10,5,93,5,0,0,2,0,0,0.254385964,12180
2018,Scott Schebler,CIN,75,299,266,74,47,15,0,12,42,37,24,1,65,7,2,0,4,3,1,0.278195488,12225
2018,Rougned Odor,TEX,67,262,230,55,36,12,1,6,32,24,20,1,67,8,2,2,2,5,6,0.239130434,12282
2018,Cory Spangenberg,SDP,64,195,185,43,30,5,2,6,22,17,6,0,60,2,0,2,4,5,1,0.232432432,12294
2018,Kevin Pillar,TOR,92,366,344,85,48,27,2,8,42,37,14,0,66,3,5,0,5,11,1,0.247093023,12434
2018,Kolten Wong,STL,80,267,230,49,31,9,2,7,27,21,18,2,43,13,2,4,4,3,3,0.213043478,12532
2018,Marcus Semien,OAK,93,428,390,99,70,20,2,7,51,33,32,0,81,0,5,1,7,10,4,0.253846153,12533
2018,C.J. Cron,TBR,89,376,336,86,49,18,0,19,45,49,23,1,99,14,3,0,8,1,2,0.25595238,12546
2018,John Hicks,DET,68,264,245,68,47,11,1,9,31,32,17,0,75,0,1,1,7,0,1,0.27755102,12547
2018,Eugenio Suarez,CIN,79,348,298,93,55,17,2,19,50,71,40,4,68,6,4,0,12,1,0,0.312080536,12552
2018,Trevor Story,COL,95,405,366,107,55,27,5,20,50,68,31,1,102,5,3,0,6,12,4,0.292349726,12564
2018,Brad Miller,2 Tms,69,239,216,54,33,13,1,7,21,29,21,1,78,0,2,0,4,0,0,0.25,12775
2018,George Springer,HOU,96,431,378,94,61,18,0,15,65,46,44,0,79,5,2,0,10,6,3,0.248677248,12856
2018,James McCann,DET,71,284,263,60,44,10,0,6,20,28,17,0,61,2,2,0,9,0,2,0.228136882,12859
2018,Anthony Rendon,WSN,75,327,291,83,43,25,0,15,44,45,32,3,52,0,4,0,3,0,1,0.285223367,12861
2018,Gregory Polanco,PIT,86,348,293,70,31,21,2,16,49,51,45,3,80,3,5,0,8,4,2,0.238907849,12907
2018,Francisco Lindor,CLE,94,442,388,113,58,30,0,25,85,62,43,3,74,5,3,3,3,13,3,0.291237113,12916
2018,Brandon Nimmo,NYM,84,311,261,66,36,11,6,13,48,30,37,1,90,13,0,0,3,7,4,0.252873563,12927
2018,Javier Baez,CHC,90,365,343,100,50,25,6,19,61,72,14,5,91,5,3,0,4,18,2,0.291545189,12979
2018,Jackie Bradley Jr.,BOS,83,320,281,59,34,18,1,6,40,32,27,2,78,9,3,0,4,11,0,0.209964412,12984
2018,Teoscar Hernandez,TOR,76,328,304,78,37,20,6,15,41,39,20,0,86,3,1,0,9,3,4,0.256578947,13066
2018,Josh Bell,PIT,96,374,326,85,55,21,4,5,48,46,43,0,67,0,5,0,5,0,3,0.260736196,13145
2018,Orlando Arcia,MIL,65,212,203,40,33,5,0,2,13,15,9,0,51,0,0,0,9,3,2,0.197044334,13185
2018,Mike Zunino,SEA,60,219,201,38,19,7,0,12,20,29,11,0,85,6,1,0,6,0,0,0.189054726,13265
2018,Max Muncy,LAD,74,279,225,61,30,9,0,22,44,41,52,5,65,1,1,0,3,2,0,0.271111111,13301
2018,Jake Lamb,ARI,51,220,192,44,30,8,0,6,30,28,24,0,58,1,3,0,4,1,2,0.229166666,13329
2018,Stephen Piscotty,OAK,87,344,311,82,46,24,0,12,43,46,24,0,69,6,3,0,13,1,0,0.263665594,13367
2018,Jose Ramirez,CLE,94,419,358,108,51,26,2,29,68,70,57,8,48,3,1,0,1,20,3,0.301675977,13510
2018,Jesse Winker,CIN,84,318,266,78,56,15,0,7,35,42,48,4,44,2,1,1,5,0,0,0.293233082,13590
2018,Jose Peraza,CIN,93,403,368,108,85,15,3,5,53,35,22,2,44,5,3,5,9,17,2,0.29347826,13593
2018,Mallex Smith,TBR,82,302,268,76,55,15,5,1,29,20,24,0,60,3,1,6,7,16,7,0.283582089,13608
2018,Mookie Betts,BOS,78,355,301,108,57,25,3,23,79,51,46,6,42,5,3,0,3,18,2,0.358803986,13611
2018,Ketel Marte,ARI,92,356,324,77,44,16,8,9,43,35,30,2,46,1,1,0,6,2,0,0.23765432,13613
2018,Jeimer Candelario,DET,83,354,306,69,36,17,3,13,44,35,40,0,91,6,2,0,2,1,2,0.225490196,13621
2018,Chris Taylor,LAD,94,392,348,88,48,21,8,11,55,41,34,0,109,8,2,0,3,4,5,0.252873563,13757
2018,Travis Jankowski,SDP,63,238,211,55,45,6,2,2,27,9,25,0,44,1,0,1,4,14,3,0.260663507,13768
2018,Matt Duffy,TBR,80,340,312,99,78,16,1,4,33,27,23,1,56,4,1,0,8,7,4,0.317307692,13836
2018,Joey Wendle,TBR,81,296,269,76,58,10,4,4,28,29,17,1,67,5,5,0,9,7,3,0.282527881,13853
2018,Devon Travis,TOR,57,204,190,46,32,6,2,6,21,23,10,1,40,4,0,0,2,1,1,0.242105263,13862
2018,Addison Russell,CHC,82,331,294,80,56,18,1,5,44,34,32,2,67,2,2,1,3,4,0,0.272108843,14106
2018,Albert Almora Jr.,CHC,83,298,276,88,64,19,1,4,48,28,17,1,49,1,3,1,5,1,2,0.318840579,14109
2018,Joey Gallo,TEX,93,365,316,59,23,13,1,22,48,51,46,3,132,3,0,0,1,3,2,0.18670886,14128
2018,Daniel Robertson,TBR,74,297,245,63,44,12,0,7,41,26,41,0,72,10,1,0,2,2,2,0.257142857,14145
2018,Carlos Correa,HOU,73,315,269,72,42,16,1,13,46,49,37,2,77,2,7,0,11,2,0,0.267657992,14162
2018,Jorge Soler,KCR,61,257,223,59,32,18,0,9,27,28,28,0,69,4,2,0,6,3,1,0.264573991,14221
2018,Yasiel Puig,LAD,76,277,253,67,39,17,0,11,38,35,23,2,53,0,1,0,8,7,3,0.264822134,14225
2018,Mitch Haniger,SEA,94,399,346,94,57,17,2,18,48,67,44,3,93,5,4,0,6,5,2,0.2716763,14274
2018,Wilmer Difo,WSN,89,303,275,67,51,9,4,3,36,24,22,2,56,2,2,2,5,5,2,0.243636363,14320
2018,Nick Williams,PHI,87,264,237,58,38,7,2,11,28,34,22,2,64,5,0,0,3,2,2,0.244725738,14330
2018,Matt Olson,OAK,95,397,349,82,47,16,0,19,50,47,40,2,100,7,1,0,8,2,1,0.23495702,14344
2018,Lewis Brinson,MIA,83,311,290,54,34,6,4,10,22,30,14,2,94,4,2,0,5,1,1,0.186206896,14352
2018,Ronald Guzman,TEX,67,245,220,55,34,10,2,9,24,37,21,2,73,3,1,0,5,1,0,0.25,14388
2018,Pedro Severino,WSN,59,203,181,31,20,9,0,2,13,15,17,4,46,4,1,0,3,1,0,0.171270718,14523
2018,Nomar Mazara,TEX,91,388,353,96,64,16,1,15,46,58,30,2,86,3,2,0,10,1,0,0.271954674,14553
2018,Manuel Margot,SDP,81,308,280,68,43,19,3,3,28,24,24,3,51,2,1,1,6,7,7,0.242857142,14712
2018,JaCoby Jones,DET,85,321,295,63,34,18,4,7,35,22,15,0,93,8,2,1,7,8,5,0.213559322,14818
2018,Daniel Palka,CHW,65,232,218,51,27,9,3,12,30,32,14,2,79,0,0,0,5,2,1,0.233944954,14897
2018,Johan Camargo,ATL,72,266,230,57,36,11,1,9,31,39,33,2,50,2,1,0,7,0,1,0.247826086,14950
2018,Johnny Field,TBR,56,179,169,36,21,9,0,6,20,14,7,0,58,2,0,1,3,4,0,0.213017751,15048
2018,Adam Engel,CHW,79,274,248,54,39,11,2,2,31,18,13,0,70,6,1,6,1,10,3,0.217741935,15082
2018,Hunter Dozier,KCR,51,186,172,36,24,7,1,4,15,12,14,0,59,0,0,0,4,0,2,0.209302325,15117
2018,Trey Mancini,BAL,89,366,328,71,47,12,0,12,39,26,32,0,91,4,2,0,7,0,1,0.216463414,15149
2018,Mitch Garver,MIN,56,191,169,42,30,8,0,4,19,13,19,2,46,2,0,1,4,0,0,0.24852071,15161
2018,Tim Anderson,CHW,92,362,333,82,54,13,2,13,51,39,23,1,88,4,1,1,9,21,5,0.246246246,15172
2018,Chad Pinder,OAK,65,217,196,51,32,8,1,10,29,22,17,1,60,4,0,0,4,0,1,0.260204081,15191
2018,Kris Bryant,CHC,70,333,282,79,45,21,3,10,44,40,37,5,72,12,2,0,2,2,4,0.280141843,15429
2018,Ryon Healy,SEA,80,318,304,73,46,9,0,18,34,46,12,0,73,1,1,0,14,0,0,0.240131578,15447
2018,Hunter Renfroe,SDP,57,194,174,42,20,14,1,7,25,25,17,0,52,2,1,0,4,1,0,0.24137931,15464
2018,Amed Rosario,NYM,90,307,285,70,45,16,5,4,33,23,16,4,64,2,1,3,6,6,5,0.245614035,15518
2018,Aaron Judge,NYY,93,423,351,97,53,19,0,25,66,60,66,3,132,3,3,0,8,6,3,0.276353276,15640
2018,Jose Abreu,CHW,93,399,363,92,51,27,1,13,44,52,25,6,74,7,4,0,14,1,0,0.253443526,15676
2018,Miguel Andujar,NYY,84,339,319,89,48,27,2,12,42,39,16,1,59,2,2,0,6,1,0,0.278996865,15878
2018,Aledmys Diaz,TOR,69,242,229,55,36,11,0,8,31,23,10,1,34,2,1,0,2,1,3,0.240174672,15937
2018,Cody Bellinger,LAD,95,388,343,84,41,22,4,17,57,44,42,2,93,1,2,0,5,5,0,0.244897959,15998
2018,Trea Turner,WSN,96,431,386,103,75,15,2,11,55,39,42,2,81,3,0,0,2,22,6,0.266839378,16252
2018,Michael Conforto,NYM,85,346,287,62,41,10,0,11,35,30,53,5,86,4,2,0,6,2,2,0.216027874,16376
2018,Rhys Hoskins,PHI,86,370,309,78,43,21,0,14,49,56,51,1,93,5,4,0,5,4,3,0.252427184,16472
2018,Kyle Schwarber,CHC,83,321,265,66,37,10,1,18,45,41,53,11,87,1,1,1,3,3,3,0.249056603,16478
2018,Matt Chapman,OAK,81,330,288,72,42,17,3,10,48,29,35,0,78,6,1,0,9,1,2,0.25,16505
2018,Isiah Kiner-Falefa,TEX,65,266,235,59,42,13,2,2,33,24,21,1,45,4,1,5,10,7,4,0.251063829,16512
2018,Ozzie Albies,ATL,93,432,405,114,62,29,3,20,74,55,19,0,71,4,3,1,5,9,3,0.281481481,16556
2018,Colin Moran,PIT,88,300,265,70,49,13,0,8,33,37,28,3,46,3,4,0,5,0,2,0.264150943,16909
2018,Gleyber Torres,NYY,62,241,218,64,38,10,1,15,30,42,17,2,61,3,2,1,4,2,1,0.293577981,16997
2018,Dustin Fowler,OAK,51,180,170,40,30,3,1,6,15,20,7,0,41,1,2,0,1,5,4,0.235294117,17098
2018,Yoan Moncada,CHW,87,383,344,82,46,19,5,12,47,41,36,0,130,1,1,1,1,9,2,0.238372093,17232
2018,Rafael Devers,BOS,88,367,340,82,48,20,0,14,42,48,25,4,92,0,2,0,6,5,1,0.24117647,17350
2018,Alex Bregman,HOU,96,434,371,107,55,31,1,20,67,64,56,0,53,6,1,0,12,8,4,0.288409703,17678
2018,Andrew Benintendi,BOS,90,405,350,104,60,25,5,14,68,57,49,1,71,1,5,0,5,17,1,0.297142857,17901
2018,Ian Happ,CHC,79,280,234,60,37,11,1,11,38,26,45,8,100,1,0,0,4,4,1,0.256410256,17919
2018,Scott Kingery,PHI,91,341,317,75,52,18,1,4,40,27,19,0,82,2,3,0,2,8,2,0.236593059,17975
2018,Paul DeJong,STL,48,205,182,47,30,9,0,8,30,19,18,1,56,5,0,0,4,0,0,0.258241758,18015
2018,Harrison Bader,STL,67,204,184,50,37,6,1,6,31,14,15,2,58,4,0,1,0,9,2,0.27173913,18030
2018,Brian Anderson,MIA,97,424,378,109,75,23,3,8,55,49,37,2,72,8,1,0,13,2,4,0.288359788,18289
2018,Dansby Swanson,ATL,79,327,300,76,47,19,3,7,32,35,23,7,79,1,0,3,2,3,2,0.253333333,18314
2018,Ronald Acuna Jr.,ATL,43,184,169,42,24,11,0,7,24,19,12,0,56,2,1,0,2,2,1,0.24852071,18401
2018,Guillermo Heredia,SEA,76,244,208,48,35,10,1,2,19,11,24,0,46,4,2,6,3,1,3,0.23076923,18721
2018,Yuli Gurriel,HOU,78,335,313,97,67,24,0,6,43,52,14,0,34,3,5,0,15,3,1,0.309904153,19198
2018,Juan Soto,WSN,51,209,176,53,33,11,0,9,32,28,33,2,41,0,0,0,1,2,0,0.301136363,20123
